{"ear_threshold": 0.24755895519399843, "flare_ratio_threshold": 0.6565617877960315, "gaze_left_threshold": 4.32895326265492, "gaze_right_threshold": 0.7579986848903293, "double_blink_interval": 1.5}